question_norm,count
hợp đồng lao động là gì?,9
hội đồng quản trị là gì?,8
tai nạn lao động là gì?,6
điểm liệt thi tốt nghiệp thpt năm 2023 là bao nhiêu?,5
hộ kinh doanh là gì?,5
mức hưởng chế độ thai sản được quy định như thế nào?,5
công trình xây dựng là gì?,5
thí sinh nhận giấy báo nhập học đại học tại đâu?,5
nhiệm vụ của hội môi trường đô thị việt nam là gì?,4
công ty cổ phần là gì?,4
nhà chung cư là gì?,4
thời hiệu xử lý kỷ luật lao động là bao lâu?,4
nghị định 43/2023/nđ-cp hướng dẫn luật thanh tra có hiệu lực từ ngày nào?,4
đối tượng nào được cộng điểm ưu tiên tuyển sinh vào lớp 10?,4
nghị định 43/2023/nđ-cp khi nào được chính thức áp dụng?,4
khi nào áp dụng nghị định 33/2023/nđ-cp?,4
"trong việc đôn đốc triển khai thực hiện sự chỉ đạo, điều hành của bộ y tế thì văn phòng bộ y tế có những nhiệm vụ và quyền hạn gì?",4
thời hạn giải quyết cấp tài khoản định danh điện tử đối với công dân việt nam là bao lâu?,4
thông tư 24/2023/tt-bca về biển số định danh chính thức áp dụng từ ngày nào?,4
đối tượng nào được tuyển thẳng vào lớp 10?,4
viên chức là ai theo quy định pháp luật?,4
"các yêu cầu về mục đích sử dụng vốn vay, mức cho vay, thời hạn cho vay và lãi suất cho vay như thế nào?",4
chữ ký số là gì?,4
dân quân tự vệ là gì?,4
thực hiện dân chủ trong công tác của cảnh sát môi trường phải bảo đảm các nguyên tắc gì?,3
trong thời gian bao lâu kể từ ngày nhận được quyết định giải thể của tòa án thì công ty phải nộp hồ sơ giải thể?,3
mua xe trả góp là gì?,3
thông tư 14/2023/tt-bgtvt được áp dụng từ ngày nào?,3
mức hỗ trợ kinh phí chữa bệnh nghề nghiệp cho người lao động là bao nhiêu?,3
ai có trách nhiệm đăng ký khai sinh?,3
hợp đồng lao động được quy định như thế nào?,3
thẻ công chức thanh tra chuyên ngành công thương do cơ quan nào cấp?,3
trách nhiệm tổ chức việc ban hành danh mục các mặt hàng nhập khẩu (kèm theo mã hs) thực hiện kiểm tra chuyên ngành thuộc trách nhiệm quản lý của bộ công thương?,3
lịch khám nghĩa vụ quân sự 2024 là khi nào?,3
phạm vi được hưởng của người tham gia bảo hiểm y tế như thế nào?,3
thời hạn giải quyết là bao lâu?,3
điều ước quốc tế là gì?,3
thủ tục nhập học đại học năm học 2023-2024 như thế nào?,3
muốn xây dựng công trình hầm đường bộ đô thị thì không gian xây dựng phải đáp ứng những tiêu chí nào?,3
mức hưởng bảo hiểm xã hội một lần là bao nhiêu?,3
lễ quốc khánh 02/9/2023 được nghỉ bao nhiêu ngày?,3
hệ thống thông gió và hệ thống chiếu sáng trong hầm đường bộ đô thị được quy định như thế nào?,3
danh sách cơ sở đào tạo thẩm tra viên an toàn giao thông đường bộ được công khai ở đâu?,3
thời hạn giải quyết thủ tục chấp thuận cơ sở đào tạo thẩm tra viên an toàn giao thông đường bộ trong bao lâu?,3
nhiệm vụ của giáo viên được quy định như thế nào?,3
mức hưởng chế độ ốm đau của người lao động được quy định như thế nào?,3
thực hiện đặc xá dựa trên những nguyên tắc nào?,3
thời hạn giải quyết đề nghị cấp lại giấy chứng nhận đăng ký hộ kinh doanh là bao lâu?,3
thông tư 24/2023/tt-bca được chính thức áp dụng từ ngày nào?,3
mang thai hộ vì mục đích nhân đạo là gì?,3
nhiệm vụ của hội sinh vật cảnh việt nam là gì?,3
nộp hồ sơ nghiên cứu để thẩm định gửi hội đồng đạo đức trong nghiên cứu y sinh học cấp cơ sở bao gồm những nội dung gì?,3
"trình tự, thủ tục xây dựng kế hoạch thanh tra của thanh tra bộ được pháp luật quy định như thế nào?",3
điều kiện nào để người lao động được hưởng chế độ tai nạn lao động?,3
"cộng tác viên thanh tra giáo dục được hưởng chế độ, chính sách đãi ngộ như thế nào?",3
nguyên tắc xét tuyển đại học như thế nào?,3
lập quy trình bảo trì công trình đường bộ căn cứ vào đâu?,3
nội dung đăng ký khai sinh bao gồm những gì?,3
doanh nghiệp bán hàng đa cấp bị cấm thực hiện những hành vi nào?,3
chứng từ điện tử là gì?,3
để được mang thai hộ vì mục đích nhân đạo cần đáp những điều kiện gì theo quy định?,3
chứng thư số là gì?,3
viện nghiên cứu lập pháp có các đơn vị trực thuộc nào?,3
lịch khám sức khỏe nghĩa vụ quân sự năm 2024 diễn ra trong khoảng thời gian nào?,3
cơ quan nào có thẩm quyền điều chỉnh giấy chứng nhận đăng ký đầu tư?,3
căn cứ tính lệ phí trước bạ như thế nào?,3
có bao nhiêu loại hợp đồng lao động?,3
"trách nhiệm của hãng hàng không trong thực hiện chế độ lao động, kỷ luật đặc thù đối với nhân viên hàng không ra sao?",3
nhập khẩu là gì?,3
hiện nay có bao nhiêu hình thức thăng hạng chức danh nghề nghiệp giáo viên?,3
nhiệm vụ của hội người mù việt nam là gì?,3
công chức là gì?,3
nguyên tắc lập hóa đơn được quy định như thế nào?,3
điều kiện để lập di chúc hợp pháp là gì?,3
đánh giá dự án sử dụng vốn nhà nước ngoài đầu tư công được thực hiện như thế nào?,3
nhiệm vụ của hội kinh tế xây dựng việt nam là gì?,3
thu phí điện tử không dừng là gì?,3
hồ sơ đăng ký thường trú gồm những giấy tờ nào?,3
ai là người phải nộp lệ phí trước bạ?,3
hướng giải quyết đối với thí sinh không xác nhận nhập học như thế nào?,3
điểm đen tai nạn giao thông đường bộ sau khi xác định và sơ bộ xếp hạng ưu tiên xử lý thì tiến hành thị sát hiện trường lần đầu để làm gì?,3
nhiệm vụ của hiệp hội các nhà đầu tư việt nam sang campuchia là gì?,3
"nguyên tắc phân loại nội dung phát thanh, truyền hình thể thao, giải trí theo yêu cầu thực hiện như thế nào?",3
điều kiện áp dụng ưu đãi thuế thu nhập doanh nghiệp là gì?,3
thế nào là bảo hiểm xã hội?,3
nhiệm vụ của quỹ hỗ trợ phát triển sinh kế vì cộng đồng là gì?,3
"mục tiêu kế hoạch vay, trả nợ công năm 2022 và chương trình quản lý nợ công 03 năm giai đoạn 2022-2024 là gì?",3
hồ sơ hưởng chế độ dưỡng sức sau sinh con cần chuẩn bị những giấy tờ gì?,3
mức hưởng chế độ ốm đau được tính như thế nào?,3
nhiệm vụ của cục quản lý đê điều và phòng chống thiên tai là gì?,3
hành vi nào được xem là hành vi bạo lực gia đình?,3
thời gian thực hiện môn học giáo dục quốc phòng và an ninh trong chương trình đào tạo trình độ cao đẳng là bao lâu?,3
cơ quan nào có thẩm quyền thu hồi đất?,3
hợp đồng dịch vụ đấu giá biển số xe ô tô được quy định như thế nào?,3
"giấy chứng nhận đăng ký xe, biển số xe bị thu hồi trong những trường hợp nào?",3
tác động của chính sách khi lập đề nghị xây dựng văn bản quy phạm pháp luật được đánh giá gồm những gì?,3
"trình tự, thủ tục chứng nhận lãnh sự tại bộ ngoại giao được thực hiện thế nào?",3
căn cước công dân được hiểu như thế nào?,3
ai có quyền công nhận công chức thanh tra chuyên ngành khoa học và công nghệ?,2
hồ sơ đề nghị quyết định chủ trương đầu tư dự án ppp gồm những gì?,2
"cơ sở đào tạo đấu thầu có trách nhiệm gì trong hoạt động đào tạo, bồi dưỡng?",2
tài chính công đoàn bao gồm các nguồn thu nào theo quy định?,2
nghị định 13/2023/nđ-cp về bảo vệ dữ liệu cá nhân được áp dụng từ ngày nào?,2
một nhiệm kỳ của hội đồng nhân dân là bao lâu?,2
nhiệm vụ của hội phòng chống hiv/aids việt nam là gì?,2
quyền hạn của liên đoàn thể dục việt nam là gì?,2
lệ phí thực hiện đăng ký khai thác tuyến vận tải hành khách cố định giữa việt nam và campuchia là bao nhiêu?,2
thời hạn tạm giam bị can để điều tra vụ án hình sự là bao lâu?,2
"cục quản lý y, dược cổ truyền có trách nhiệm gì trong việc bào chế thuốc cổ truyền?",2
bị cáo là gì?,2
quỹ thiện tâm có tư cách pháp nhân và có được mở tài khoản tại kho bạc nhà nước không?,2
cá nhân không trực tiếp sản xuất nông nghiệp nhận chuyển nhượng đất trồng lúa thì bị xử phạt như thế nào?,2
điều kiện để hưởng chế độ ốm đau là gì?,2
việc tiếp nhận đăng ký cai nghiện ma túy tự nguyện được quy định thế nào?,2
hành khách và tổ bay khi tham gia vận tải hàng không nội địa cần lưu ý thực hiện biện pháp chống dịch covid-19 như thế nào?,2
uỷ ban nhân dân thành phố hà nội có trách nhiệm gì trong việc thực hiện nghị quyết 10/2023/nq-hđnd?,2
chi hỗ trợ học nghề cho người sau cai nghiện ma túy được thực hiện như thế nào?,2
"chấp hành viên có nhiệm vụ, quyền hạn như thế nào?",2
trường hợp nào được tạm hoãn nghĩa vụ quân sự?,2
phó giám đốc học viện quốc phòng có trách nhiệm như thế nào?,2
người học ngành công nghệ kỹ thuật ô tô trình độ cao đẳng sau khi tốt nghiệp có thể làm những công việc nào?,2
hình phạt cải tạo không giam giữ được áp dụng đối với người phạm tội như thế nào?,2
"hồ sơ, thủ tục đăng ký tạm trú như thế nào?",2
bằng khen của bộ trưởng bộ quốc phòng được trao tặng khi nào?,2
dịch vụ sự nghiệp công sử dụng kinh phí ngân sách nhà nước là gì?,2
muốn trở thành thành viên ban thanh tra nhân dân ở doanh nghiệp nhà nước phải đáp ứng những tiêu chuẩn gì?,2
lực lượng bảo vệ dân phố có những quyền hạn như thế nào?,2
khi đăng ký khai sinh có phải đóng lệ phí hộ tịch không?,2
ai có quyền thực hiện hoạt động pha chế xăng dầu?,2
quy trình lựa chọn sách giáo khoa của cơ sở giáo dục phổ thông thực hiện như thế nào?,2
hóa chất độc là gì?,2
phó chủ tịch hội đồng đạo đức trong nghiên cứu y sinh học cấp quốc gia phải có ít nhất bao nhiêu năm kinh nghiệm?,2
bị mất bằng lái xe b2 thì có được cấp lại bằng lái xe mới không?,2
thời điểm thẻ bảo hiểm y tế có giá trị sử dụng là khi nào?,2
hoạt động khuyến mại là gì?,2
thời hạn bảo vệ bí mật nhà nước là bao lâu?,2
dụng cụ điện cầm tay truyền động bằng động cơ phải đảm bảo an toàn đối với các nguy hiểm cơ học như thế nào?,2
tem kiểm định xe cơ giới hết hiệu lực khi nào?,2
công chức trong hệ thống viện kiểm sát nhân dân được pháp luật quy định như thế nào?,2
trách nhiệm đăng ký khai sinh,2
hồ sơ thủ tục đề nghị hỗ trợ học nghề cần chuẩn bị những giấy tờ gì?,2
việc kiểm tra tên và trạng thái hàng hóa vận tải bằng đường sắt quốc gia được thực hiện ra sao?,2
quyết định chứng nhận chuẩn đo lường bao gồm những nội dung gì?,2
cơ sở vật chất của trung tâm giáo dục thường xuyên được pháp luật quy định như thế nào?,2
văn phòng bộ thuộc bộ giao thông vận tải có chức năng gì?,2
"cơ sở khám bệnh, chữa bệnh có trách nhiệm gì đối với người bệnh tử vong?",2
phó chủ tịch ubnd xã có những nhiệm vụ gì?,2
mục đích của tiêu chuẩn chức danh,2
"phó thuyền trưởng tàu tuần tra, kiểm soát hải quan phải có phẩm chất đạo đức như thế nào?",2
tổng mức đầu tư xây dựng là gì?,2
kiểm tra viên phải chịu trách nhiệm trước những ai?,2
cá nhân không đủ điều kiện tham gia đăng ký làm chủ nhiệm nhiệm vụ khoa học và công nghệ cấp bộ trong trường hợp nào?,2
hợp đồng lao động xác định thời hạn là hợp đồng có thời hạn bao lâu?,2
khi có nhu cầu xác nhận lại thời hạn sử dụng đất nông nghiệp trồng cây lâu năm thực hiện như thế nào?,2
"những việc cán bộ, công chức tham gia ý kiến trong cơ quan hành chính gồm những việc nào?",2
điều kiện được cấp thị thực theo quy định hiện nay ra sao?,2
mật mã dân sự là gì?,2
nguyên tắc thực hiện dự án đầu tư là gì?,2
"việc trông nom, chăm sóc, nuôi dưỡng, giáo dục con sau khi ly hôn được quy định ra sao?",2
hành vi bạo lực gia đình là những hành vi nào?,2
"trưởng đoàn thanh tra có những nhiệm vụ, quyền hạn gì?",2
hồ sơ đăng ký xe mới gồm những gì?,2
nội quy lao động bao gồm những nội dung chủ yếu nào?,2
người sử dụng lao động tự ý khấu trừ tiền lương của người lao động trái với quy định thì bị xử phạt như thế nào?,2
chương trình môn học giáo dục quốc phòng và an ninh trong chương trình đào tạo trình độ trung cấp có thời gian thực hiện bao lâu và bao gồm những nội dung gì?,2
khi nào luật sửa đổi về xuất nhập cảnh 2023 chính thức có hiệu lực?,2
hồ sơ hưởng bảo hiểm xã hội một lần gồm những gì?,2
cơ quan nào quản lý cơ sở dữ liệu chuyên ngành nội vụ?,2
"trường của cơ quan nhà nước có hình thức đào tạo, bồi dưỡng do ai quản lý?",2
mức hưởng bảo hiểm xã hội một lần được quy định như thế nào?,2
thời hạn sử dụng của giấy chứng nhận an ninh trật tự là bao lâu?,2
ngày truyền thống được công nhận đối với cơ quan nhà nước cấp tỉnh phải đáp ứng những điều kiện nào?,2
có bao nhiêu loại giấy phép xây dựng?,2
đoàn viên được hưởng những quyền lợi gì khi tham gia công đoàn?,2
quỹ chia sẻ tình thương có tư cách pháp nhân không?,2
có hỗ trợ chi phí thuê chuyên gia tư vấn cho người cai nghiện bắt buộc về chuyển đổi hành vi phục hồi nhân cách không?,2
ai có thẩm quyền cấp giấy phép phân loại phim?,2
"khi khảo nghiệm tính đồng nhất giống ngô, chất lượng hạt giống gửi khảo nghiệm được quy định như thế nào?",2
biện pháp khắc phục hậu quả khi chậm đóng bảo hiểm xã hội bắt buộc cho người lao động,2
thời hiệu khiếu nại là bao lâu?,2
dự thảo nghị quyết của hội đồng nhân dân cấp xã được thông qua khi nào?,2
ngày rút vốn của khoản vay nước ngoài dưới hình thức trả chậm được xác định như thế nào?,2
mục tiêu của hoạt động xây dựng và tổ chức thực hiện kế hoạch giáo dục của nhà trường được quy định như thế nào?,2
"lực lượng, phương tiện nào tham gia tìm kiếm, cứu nạn trong vùng nước cảng biển?",2
"nhiệm vụ, quyền hạn của hội đồng nhân dân thành phố hà nội quy định như thế nào?",2
đăng ký biện pháp bảo đảm là gì?,2
sở tư pháp thuộc ủy ban nhân dân cấp tỉnh thực hiện những chức năng gì?,2
sở giao thông vận tải có trách nhiệm gì đối với hệ thống đường địa phương?,2
những đối tượng nào không phải chịu thuế sử dụng đất phi nông nghiệp?,2
"khi áp dụng phương pháp xác định giá gói thầu, phương pháp được sử dụng đầu tiên là phương pháp nào?",2
mức hưởng trợ cấp thất nghiệp của người lao động là bao nhiêu?,2
sổ đăng ký tàu biển quốc gia việt nam bao gồm những nội dung cơ bản nào?,2
đối tượng bảo hiểm cháy nổ bắt buộc là gì?,2
cơ quan lãnh đạo cao nhất của liên đoàn luật sư việt nam là cơ quan nào?,2
thời hạn xử lý kỷ luật đối với người đại diện phần vốn nhà nước được tính từ thời điểm nào?,2
thời hạn giải quyết hồ sơ đề nghị cấp giấy phép hành nghề khoan nước dưới đất quy mô lớn bao lâu?,2
quản lý rủi ro trong quản lý thuế được quy định như thế nào?,2
quy trình đánh giá định kỳ việc duy trì đáp ứng thực hành tốt phân phối thuốc của cơ sở phân phối được quy định như thế nào?,2
hoạt động báo cáo biến cố bất lợi trong nghiên cứu thử nghiệm lâm sàng tại việt nam bao gồm những nội dung nào?,2
trung tâm giám sát an toàn không gian mạng quốc gia có tư cách pháp nhân không?,2
điều kiện để đăng ký hành nghề kiểm toán là gì?,2
"cảnh sát môi trường có trách nhiệm gì để thực hiện dân chủ trong công tác phòng ngừa, đấu tranh chống tội phạm?",2
thế nào là hộ cận nghèo?,2
có thể thực hiện chứng thực ở những địa điểm nào?,2
bạo lực gia đình là gì?,2
nguyên tắc cung ứng sản phẩm phái sinh giá cả hàng hóa như thế nào?,2
"nhận, thực hiện lệnh, xác nhận kết quả giao dịch chứng khoán phái sinh như thế nào?",2
ai có thẩm quyền cho phép thành lập trung tâm hỗ trợ phát triển giáo dục hòa nhập dành cho người khuyết tật?,2
hội viên chính thức của liên đoàn thương mại và công nghiệp việt nam có quyền gì?,2
quy chế phối hợp hoạt động dịch vụ hoa tiêu hàng hải trong một vùng hoa tiêu hàng hải bắt buộc phải có những nội dung cơ bản nào?,2
bệnh nghề nghiệp được hiểu như thế nào?,2
quản lý môn học và tổ chức dạy học môn học giáo dục quốc phòng và an ninh trong chương trình đào tạo trình độ cao đẳng được quy định như thế nào?,2
những hành vi nào được xem là bạo lực gia đình?,2
lựa chọn biện pháp khắc phục điểm đen tai nạn giao thông đường bộ theo nguyên tắc nào?,2
giấy chứng nhận đăng ký hoạt động bán hàng đa cấp có hiệu lực trong bao lâu?,2
hạn tuổi phục vụ tại ngũ cao nhất của quân nhân chuyên nghiệp là bao nhiêu?,2
trách nhiệm của ubnd tphcm trong thí điểm cơ chế đặc thù theo nghị quyết 98/2023/qh15 như thế nào?,2
hồ sơ đề nghị cấp thẻ tư vấn viên pháp luật gồm những giấy tờ gì?,2
thủ tục giải quyết thôi việc theo nguyện vọng đối với công chức được thực hiện như thế nào?,2
có được thanh toán bằng ngoại tệ trên lãnh thổ việt nam không?,2
khi nào sẽ bắt đầu định danh biển số xe?,2
cơ quan nào có trách nhiệm chi trả lương hưu tháng 8/2023?,2
trong công tác dược thì khoa y dược cổ truyền trong bệnh viện nhà nước có những nhiệm vụ gì?,2
thẩm định hồ sơ công nhận ngày truyền thống của cơ quan nhà nước cấp bộ bao gồm những nội dung nào?,2
"việc in, sử dụng, quản lý các loại mẫu giấy tờ xuất nhập cảnh của người nước ngoài hiện nay ra sao?",2
quy định của pháp luật về điều kiện của người lái xe tham gia giao thông?,2
thanh tra chuyên ngành đối với cơ sở giáo dục mầm non thuộc thẩm quyền của ai?,2
"nội dung xác minh tài sản, thu nhập được quy định như thế nào?",2
bằng lái xe b2 hết hạn sử dụng thì xử lý như thế nào?,2
"hợp tác xã, liên hiệp hợp tác xã giải thể khi nào?",2
doanh nghiệp chế xuất được hiểu như thế nào?,2
điều kiện để được hưởng lương hưu là gì?,2
"người học ngành kỹ thuật máy lạnh và điều hòa không khí trình độ cao đẳng phải có khả năng học tập, nâng cao trình độ như thế nào?",2
"vợ, chồng đều đồng ý ly hôn nhưng lại chưa thỏa thuận được việc chia tài sản chung thì tòa án có chấp nhận yêu cầu công nhận thuận tình ly hôn không?",2
viện trưởng viện kiểm sát nhân dân cấp tỉnh do ai có thẩm quyền bổ nhiệm?,2
việc quy hoạch phát triển hệ thống cảng cạn gồm những nội dung nào?,2
lựa chọn nhà đầu tư thực hiện dự án đầu tư,2
nhà nước thu hồi đất không được bồi thường về đất trong những trường hợp nào?,2
thời hạn cấp giấy chứng nhận đủ điều kiện kinh doanh dịch vụ kế toán là bao lâu?,2
trách nhiệm của tổ chức tín dụng đối với thông tin khách hàng được quy định như thế nào?,2
quyền hạn của tạp chí công thương là gì?,2
những đối tượng nào sẽ không chịu thuế giá trị gia tăng?,2
giám đốc đại học quốc gia thành phố hồ chí minh có phải thành viên hội đồng đại học quốc gia không?,2
viên chức được bổ nhiệm chức danh kiến trúc sư hạng 3 có các nhiệm vụ thế nào?,2
thời hạn lập biên bản vi phạm hành chính được quy định như thế nào?,2
ai có quyền bổ nhiệm giám đốc đại học quốc gia thành phố hồ chí minh?,2
"căn cứ để giao đất, cho thuê đất, cho phép chuyển mục đích sử dụng đất",2
"các nguồn lực thực hiện chính sách, chế độ ưu đãi người có công với cách mạng và thân nhân của người có công với cách mạng?",2
tiêu chuẩn tuyển chọn đi nghĩa vụ quân sự được quy định như thế nào?,2
"tài sản góp vốn của hợp tác xã, liên hiệp hợp tác xã được quy định như thế nào?",2
sở tư pháp thuộc ủy ban nhân dân cấp tỉnh có nhiệm vụ và quyền hạn gì trong công tác dõi tình hình thi hành pháp luật?,2
biên bản giao nhận người có hành vi vi phạm hành chính phải được lập thành bao nhiêu bản?,2
lao động nam muốn hưởng chế độ thai sản khi vợ sinh con cần chuẩn bị hồ sơ như thế nào?,2
giá trị pháp lý của chữ ký số có tương đương với giá trị của chữ ký trên văn bản được đóng dấu không?,2
hồ sơ đề nghị cấp lại chứng chỉ hành nghề xây dựng bao gồm những gì?,2
về hồ sơ nộp khi thực hiện thủ tục tách thửa đất,2
bộ kế hoạch và đầu tư có trách nhiệm gì trong việc quản lý giảng viên về đấu thầu?,2
quy chế chứng thực của tổ chức cung cấp dịch vụ chứng thực chữ ký số quốc gia do cơ quan nào ban hành?,2
thực hiện dân chủ trong công tác của cảnh sát môi trường nhằm mục đích gì?,2
không vi phạm giao thông thì cảnh sát giao thông có được dừng xe để kiểm tra không?,2
hồ sơ đề nghị cấp giấy phép phân loại phim được quy định như thế nào?,2
sinh viên được miễn kiểm tra môn học giáo dục quốc phòng và an ninh trong chương trình đào tạo trình độ cao đẳng khi thuộc trường hợp nào?,2
án treo được quy định trong luật hiện hành ra sao?,2
thời gian thẩm định hồ sơ lựa chọn nhà thầu được quy định thế nào?,2
văn phòng bộ văn hóa thể thao và du lịch có những chức danh lãnh đạo nào?,2
thời gian nhập học đại học năm 2023-2024 là khi nào?,2
hội bảo vệ quyền tác phẩm điện ảnh và phim truyền hình việt nam có những quyền hạn gì?,2
chủ sở hữu quyền tác giả là ai?,2
quy định về xử lý dữ liệu cá nhân của trẻ em áp dụng từ ngày nào?,2
ai có quyền quyết định việc đổi thẻ thanh tra kiểm toán nhà nước?,2
tài khoản định danh điện tử mức độ 2 của cá nhân người việt nam gồm có những thông tin gì theo quy định?,2
nhiệm vụ của công chức tư pháp hộ tịch cấp xã là gì?,2
doanh nghiệp không công bố nội dung đăng ký doanh nghiệp có bị xử phạt không?,2
mục tiêu tổng quát của chương trình làm quen với tiếng anh dành cho trẻ em mẫu giáo là gì?,2
giảm trừ gia cảnh là gì?,2
chương trình học lớp 10 năm học 2023-2024 như thế nào?,2
để được xếp loại chất lượng ở mức hoàn thành xuất sắc nhiệm vụ thì công chức không giữ chức vụ lãnh đạo cần đáp ứng những tiêu chí nào?,2
kỳ hạn người sử dụng lao động phải trả lương cho người lao động được quy định như thế nào?,2
hải đội trưởng dân quân thường trực thực hiện các nhiệm vụ gì?,2
khi nào đấu giá tài sản theo thủ tục rút gọn?,2
tổ chức kỷ niệm ngày thành lập vào năm tròn đối với cơ quan nhà nước cấp tỉnh được pháp luật quy định như thế nào?,2
xuất ngũ được hiểu như thế nào?,2
như thế nào là công ty cổ phần?,2
lao động chưa thành niên là gì?,2
quy trình bảo trì công trình đường bộ bao gồm những nội dung nào?,2
dự án ppp là gì?,2
người bị tai nạn giao thông có thuộc đối tượng được hưởng trợ cấp xã hội không?,2
muốn vay vốn ưu đãi để mua nhà ở xã hội phải đáp ứng các điều kiện nào?,2
trách nhiệm của cơ quan cấp giấy phép hoạt động điện lực như thế nào?,2
"sử dụng, quyết toán kinh phí tổ chức thực hiện bồi thường, hỗ trợ, tái định cư và cưỡng chế kiểm đếm như thế nào?",2
"tập hợp, xây dựng khối đại đoàn kết toàn dân tộc trong mặt trận tổ quốc việt nam theo nguyên tắc nào?",2
giám sát việc bảo đảm thực hiện quyền tiếp cận thông tin như thế nào?,2
mã số thuế cá nhân là gì?,2
các hành vi nào bị nghiêm cấm trong bảo hiểm y tế?,2
"hình thức, nội dung các vòng thi tuyển công chức như thế nào?",2
công ty trách nhiệm hữu hạn một thành viên có được phát hành trái phiếu hay không?,2
tội cố ý gây thương tích hoặc gây tổn hại cho sức khỏe của người khác,2
kinh phí hoạt động của hội đồng bầu cử quốc gia do ai bảo đảm?,2
"kinh doanh rượu có nồng độ cồn dưới 5,5 độ theo hình thức bán lẻ thì có bắt buộc phải có giấy phép kinh doanh rượu không?",2
phương án điều tra thống kê tiền tệ và ngân hàng của ngân hàng nhà nước ngoài chương trình điều tra thống kê quốc gia có phương án được quy định như thế nào?,2
trốn phạt nguội thì bị xử lý như thế nào?,2
hạn chót nộp lệ phí xét tuyển nguyện vọng là khi nào?,2
trình tự thủ tục cấp chứng thư xuất khẩu đối với hàng dệt may xuất khẩu sang mê-hi-cô theo hiệp định cptpp như thế nào?,2
cổ phiếu là gì?,2
"quản lý, vận hành mạng truyền số liệu chuyên dùng của các cơ quan đảng, nhà nước theo nguyên tắc nào?",2
mức chi hỗ trợ tiền ăn cho đại biểu là khách mời không có trong danh sách trả lương của cơ quan nhà nước là bao nhiêu?,2
thủ tục chấm phúc khảo bài thi tốt nghiệp thpt năm 2023 được hướng dẫn như thế nào?,2
nghĩa vụ của công ty luật nước ngoài hành nghề tại việt nam là gì?,2
việc ký ban hành văn bản hành chính được quy định thế nào?,2
"chủ tịch hội đồng quản lý liên ngành quỹ phòng, chống tác hại của thuốc lá có những nhiệm vụ và quyền hạn gì?",2
thanh niên hoàn thành nghĩa vụ công an có được hỗ trợ đào tạo nghề không?,2
thời gian học tập trong chương trình đào tạo của trường trung cấp nghề được quy ra đơn vị tín chỉ để làm gì và được quy đổi như thế nào?,2
không trả lương làm thêm giờ cho người lao động có bị phạt?,2
cơ sở giáo dục nghề nghiệp bao gồm những đơn vị nào?,2
cơ quan nào có thẩm quyền lập danh sách cử tri?,2
mỗi chứng chỉ giáo dục quốc phòng và an ninh cho sinh viên trường cao đẳng có bao nhiêu số hiệu riêng để theo dõi?,2
pháp nhân thương mại được quy định như thế nào?,2
nhiệm vụ của hội di sản văn hóa việt nam là gì?,2
các loại xe ô tô nào được miễn lệ phí trước bạ theo quy định hiện hành?,2
thẻ căn cước công dân có giá trị sử dụng như thế nào?,2
mua đất bằng giấy viết tay trong giai đoạn 1/7/2014 đến nay được quy định như thế nào?,2
hội kiến trúc sư việt nam có những quyền hạn nào?,2
số lượng thành viên ban thanh tra nhân dân ở doanh nghiệp nhà nước gồm bao nhiêu thành viên?,2
việc phòng ngừa tai nạn giao thông liên quan đến rượu bia được quy định như thế nào?,2
"việc lấy mô, bộ phận cơ thể ở người sau khi chết được thực hiện trong trường hợp nào?",2
thời hạn thanh tra lại là bao lâu?,2
chủ tịch hội đồng dân tộc thực hiện những nhiệm vụ và quyền hạn nào?,2
phải có thời gian công tác bao lâu mới đủ điều kiện được đảm nhiệm chức danh đội trưởng đội quản lý thị trường?,2
điều kiện của bất động sản đưa vào kinh doanh là gì?,2
thành viên ban thanh tra nhân dân ở phường gồm bao nhiêu thành viên?,2
"tác giả được xét tặng giải thưởng hồ chí minh phải có tác phẩm văn học, nghệ thuật đáp ứng các tiêu chuẩn gì?",2
đóng bảo hiểm bao lâu thì được hưởng trợ cấp thất nghiệp?,2
thương nhân nước ngoài hoạt động tại việt nam được quy định như thế nào?,2
nhiệm vụ của hội truyền thông số việt nam là gì?,2
người nhận nuôi con nuôi cần chuẩn bị hồ sơ như thế nào theo quy định của pháp luật?,2
quỹ hỗ trợ phụ nữ nông thôn việt nam có tư cách pháp nhân không?,2
"kết quả rà soát văn bản theo chuyên đề, lĩnh vực, địa bàn được pháp luật quy định như thế nào?",2
đăng ký hộ kinh doanh qua mạng thông tin điện tử là gì?,2
người khuyết tật được hưởng mức trợ cấp xã hội theo quy định hiện nay là bao nhiêu?,2
trình tự thực hiện thủ tục cấp lại chứng chỉ đăng kiểm viên xe cơ giới trường hợp hết thời hạn hiệu lực như thế nào?,2
tuổi đăng ký nghĩa vụ quân sự lần đầu là bao nhiêu tuổi?,2
ai có quyền quyết định chuyển đổi phòng công chứng?,2
báo cáo kết quả thanh tra hành chính trường bồi dưỡng cán bộ quản lý giáo dục tỉnh gồm những nội dung gì?,2
đấu giá tài sản cần tuân thủ nguyên tắc nào?,2
người có công giúp đỡ cách mạng được hưởng những chế độ ưu đãi nào?,2
danh mục thủ tục hành chính thực hiện tại bộ phận một cửa được công khai bằng những hình thức nào?,2
hội đồng đạo đức trong nghiên cứu y sinh học cấp cơ sở thẩm định theo quy trình rút gọn đối với những hồ sơ nào?,2
cơ quan nhà nước tổ chức kỷ niệm ngày thành lập đảng cộng sản việt nam trong hội trường vào năm lẻ 5 được trang trí như thế nào?,2
thế nào là giám hộ?,2
trách nhiệm ghi nhãn phụ hàng hóa được quy định như thế nào?,2
nghị định 26/2023/nđ-cp được áp dụng từ ngày nào?,2
"trước khi tiến hành kiểm tra điều lệnh công an nhân dân, đơn vị được giao nhiệm vụ kiểm tra phải xây dựng một trong các kế hoạch nào?",2
nhiệm vụ của cục phòng vệ thương mại là gì?,2
điều kiện để giao quyền cấp trên cơ sở là gì?,2
cơ cấu tổ chức của ủy ban nhân dân tỉnh được quy định ra sao?,2
khi thiết kế đường giao thông nông thôn phải thỏa mãn các yêu cầu nào?,2
thí sinh được mang gì vào phòng thi tốt nghiệp thpt quốc gia 2023?,2
những đối tượng nào phải chịu thuế giá trị gia tăng?,2
giao dịch điện tử trong hoạt động tài chính là gì?,2
nhiệm vụ của hội môi trường giao thông vận tải việt nam được quy định thế nào?,2
phạm nhân là gì? thi hành án phạt tù được hiểu như thế nào?,2
nhiệm vụ và quyền hạn của chủ nhiệm ủy ban pháp luật của quốc hội quy định thế nào?,2
phán quyết trọng tài là gì?,2
thời hạn thanh toán phí bảo hiểm công trình xây dựng được quy định thế nào?,2
chi nhánh của tổ chức hòa giải thương mại nước ngoài tại việt nam có những quyền và nghĩa vụ gì?,2
ai có thể làm người bảo vệ quyền và lợi ích hợp pháp của đương sự trong tố tụng dân sự?,2
nguyên tắc trả lương được quy định như thế nào?,2
thành phần tham dự cuộc họp của cộng đồng dân cư gồm những ai?,2
tổng giám đốc tổng công ty hàng hải việt nam là ai?,2
người có tài sản trưng mua có quyền và nghĩa vụ như thế nào?,2
thời hạn kiểm tra sau thông quan là bao nhiêu năm kể từ ngày đăng ký tờ khai hải quan?,2
"dân quân tự vệ sẽ được hưởng những chính sách, chế độ gì khi đang làm nhiệm vụ?",2
công đoàn cơ sở được thành lập trong các đơn vị sử dụng lao động nào?,2
giáo viên chủ nhiệm trường giáo dưỡng có quyền hạn như thế nào?,2
khi nào nghị quyết 98/2023/qh15 được áp dụng?,2
chương trình học của học sinh các cấp năm học 2023-2024 như thế nào?,2
chủ tịch hội đồng tư vấn chính sách tiền tệ quốc gia có nhiệm vụ và quyền hạn như thế nào?,2
thủ tục hải quan là gì?,2
hồ sơ đề nghị cấp chứng chỉ kỹ năng nghề quốc gia gồm những thành phần nào?,2
hồ sơ đề nghị cấp hộ chiếu phổ thông ở trong nước bao gồm những gì? bao lâu sẽ nhận kết quả cấp hộ chiếu?,2
nhiệm vụ của báo pháp luật việt nam là gì?,2
"tổ chức, cá nhân khai thác và sử dụng thông tin, dữ liệu tài nguyên và môi trường có trách nhiệm và quyền hạn gì?",2
phó viện trưởng viện kiểm sát quân sự trung ương do ai bổ nhiệm?,2
hội đồng đạo đức trong nghiên cứu y sinh học cấp cơ sở khi đánh giá hồ sơ nghiên cứu cần thẩm định những nội dung nào?,2
"chủ tịch công ty có quyền quyết định các hợp đồng cho vay, thuê tài sản có giá trị bao nhiêu phần trăm?",2
thời hạn sử dụng nhà chung cư là bao nhiêu năm?,2
khi nào áp dụng quy định mới tại nghị định 33/2023/nđ-cp?,2
trúng đấu giá biển số đẹp nhưng không nộp đủ tiền thì bị xử lý thế nào?,2
đối xử quốc gia trong thương mại hàng hóa là gì?,2
chánh văn phòng tổng cục quản lý đất đai có trách nhiệm gì khi giải quyết công việc?,2
thế nào là nhãn hiệu?,2
tiêu chuẩn bổ nhiệm vào ngạch thanh tra viên chính hiện nay ra sao?,2
nhiệm vụ và quyền hạn của ủy ban biên giới quốc gia là gì?,2
hồ sơ xin hưởng trợ cấp thất nghiệp bao gồm những loại giấy tờ nào?,2
nguyên giá tài sản cố định vô hình được xác định như thế nào?,2
phòng kế hoạch tổng hợp thuộc vụ tổng hợp kiểm toán nhà nước thực hiện chức năng gì?,2
mức thưởng cho danh hiệu chiến sĩ thi đua cơ sở là bao nhiêu?,2
nghị định 29/2023/nđ-cp chính thức có hiệu lực từ ngày mấy?,2
hệ thống tổ chức của công an nhân dân được pháp luật quy định như thế nào?,2
các đối tượng nào phải nộp thuế thu nhập cá nhân?,2
khi nào áp dụng nghị định 35/2023/nđ-cp sửa đổi quy định trong lĩnh vực xây dựng?,2
khoa đột quỵ của cơ sở khám chữa bệnh có những bộ phận chuyên môn nào?,2
công ty đại chúng là gì?,2
thu nhập tính thuế thu nhập doanh nghiệp được xác định như thế nào?,2
thời điểm tính hưởng bảo hiểm xã hội một lần là thời điểm nào?,2
không thu học phí có thời hạn trong trường hợp nào?,2
sinh viên đại học được xem xét chuyển từ đào tạo theo hình thức chính quy sang hình thức vừa làm vừa học khi nào?,2
thời hiệu khiếu nại quyết định kỷ luật buộc thôi việc đối với công chức là bao lâu?,2
thế nào là doanh nghiệp nhà nước?,2
người mẹ mang thai hộ có được quyền quyết định về số lượng bào thai hay không?,2
"mặt trận tổ quốc việt nam tập hợp, xây dựng khối đại đoàn kết toàn dân tộc theo phương thức nào?",2
bảo vệ dân phố được lập ra với nhiệm vụ chính là gì?,2
tội trốn tránh nghĩa vụ quân sự bị xử lý hình sự như thế nào?,2
hồ sơ xử phạt vi phạm hành chính bao gồm những gì?,2
môn học giáo dục quốc phòng và an ninh trong chương trình đào tạo trình độ cao đẳng có phải là môn học bắt buộc không?,2
đối tượng nào được trang bị vũ khí quân dụng?,2
liên hiệp các hội văn học nghệ thuật việt nam hoạt động trên phạm vi nào?,2
đối tượng nào được áp dụng quy định về hợp đồng đối với một số công việc lao động cơ quan nhà nước?,2
hồ sơ cấp giấy chứng nhận cơ sở đủ điều kiện an toàn thực phẩm gồm có những giấy tờ gì?,2
mức giảm trừ gia cảnh hiện nay là bao nhiêu?,2
mức bình quân tiền lương tháng đóng bhxh được quy định thế nào?,2
trình tự thực hiện cấp lại giấy phép flegt được pháp luật quy định như thế nào?,2
"trách nhiệm phổ biến hương ước, quy ước của cộng đồng dân cư là của ai?",2
có bao nhiêu loại chứng từ theo nghị định 123/2020/nđ-cp?,2
khám sức khỏe nghĩa vụ quân sự là gì?,2
tội phạm là gì?,2
những tài sản nào được xem là tài sản chung của vợ chồng trong thời kỳ hôn nhân?,2
"sau thời hạn đình chỉ hoạt động đào tạo phân hiệu của trường đại học, nếu nguyên nhân dẫn đến việc đình chỉ được khắc phục thì người có thẩm quyền quyết định đình chỉ cần làm gì?",2
kỳ kế toán năm là gì?,2
khi nào phải làm thủ tục gia hạn tạm trú?,2
tuổi nhập học đầu cấp theo quy định hiện nay là bao nhiêu?,2
điểm chuẩn đại học được xét và công bố như thế nào?,2
người lập di chúc có những quyền gì?,2
mức phạt tiền đối với hành vi điều khiển xe máy không mang theo giấy đăng ký xe là bao nhiêu?,2
thành viên giao dịch đặc biệt bị đình chỉ hoạt động trong trường hợp nào?,2
hủy tư cách công ty đại chúng cần những giấy tờ?,2
"thẩm quyền cấp, hủy bỏ giấy chứng nhận đủ điều kiện hoạt động thí nghiệm chuyên ngành xây dựng ra sao?",2
thức ăn chăn nuôi thương mại là gì?,2
cơ quan điều tra phải có văn bản đề nghị viện kiểm sát phê chuẩn quyết định thay đổi quyết định khởi tố bị can trong thời hạn bao lâu?,2
mức đóng bảo hiểm xã hội tự nguyện hiện nay được quy định như thế nào?,2
thời hạn giải quyết chế độ thai sản khi sinh con được pháp luật quy định như thế nào?,2
"những trường hợp nào được cấp giấy chứng nhận quyền sử dụng đất, quyền sở hữu nhà ở và tài sản khác gắn liền với đất?",2
hiệu lực của di chúc được quy định như thế nào?,2
"lỗi của mỗi bên trong vi phạm quyền, nghĩa vụ của vợ chồng có ảnh hưởng đến việc chia tài sản khi ly hôn hay không?",2
cơ quan chủ trì soạn thảo văn bản quy phạm pháp luật có những trách nhiệm gì trong việc lồng ghép vấn đề bình đẳng giới vào văn bản?,2
hội đồng trường của trường đại học công lập làm việc theo nguyên tắc nào?,2
thẩm quyền quyết định áp dụng biện pháp khẩn cấp tạm thời thuộc về ai?,2
"người học ngành bảo trì hệ thống thiết bị cơ khí trình độ cao đẳng phải có khả năng học tập, nâng cao trình độ như thế nào?",2
nhà đầu tư chứng khoán chuyên nghiệp có thể tham gia đợt chào bán chứng khoán riêng lẻ của công ty đại chúng không?,2
kê biên tài sản là gì?,2
nếu không thuộc trường hợp được miễn giấy phép lao động thì chuẩn bị hồ sơ xin giấy phép lao động để dạy học gồm những gì?,2
cơ cấu tổ chức của đại học quốc gia bao gồm những thành phần nào?,2
kế hoạch hội thi giáo viên dạy giỏi trung cấp chuyên nghiệp được quy định như thế nào?,2
câu lạc bộ thể thao chuyên nghiệp là gì?,2
"quan điểm chỉ đạo của nhà nước về việc điều chỉnh, cải cách tiền lương ra sao?",2
quân nhân dự bị là ai?,2
đối với đường bot việc theo dõi và đánh giá kết quả xử lý điểm tiềm ẩn tai nạn giao thông đường bộ do ai thực hiện và báo cáo kết quả về cơ quan nào?,2
nguyên tắc nộp đơn đầu tiên đối với giống cây trồng ra sao?,2
công ty cổ phần có cấp giấy chứng nhận góp vốn không?,2
"nhiệm vụ, quyền hạn của hội đồng nhân dân đô thị loại 2 quy định như thế nào?",2
hộ chiếu bị mất trong khi còn thời hạn sử dụng thì có được đề nghị khôi phục giá trị?,2
nguyên tắc cho vay vốn và vay vốn đối với đồng bào dân tộc thiểu số và miền núi như thế nào?,2
bào chế thuốc cổ truyền phải đáp ứng những tiêu chuẩn gì?,2
thời gian thực hiện thủ tục chấm dứt hiệu lực giấy chứng nhận đăng ký đầu tư ra nước ngoài là bao lâu?,2
khi thực hiện thu nộp ngân sách nhà nước thì cơ quan thuế có phải cấp tài khoản giao dịch nộp thuế điện tử cho người nộp thuế không?,2
sáp nhập công ty là gì?,2
trách nhiệm của cơ quan thi hành án dân sự trong việc công khai thông tin của người phải thi hành án chưa có điều kiện thi hành án như thế nào?,2
việc cấp chứng chỉ hành nghề dược được thực hiện theo hình thức nào?,2
người nghiện ma túy đăng ký cai nghiện ma túy tự nguyện ở đâu?,2
hồ sơ đăng ký vào mạng lưới tư vấn viên hỗ trợ doanh nghiệp nhỏ và vừa trong lĩnh vực tư vấn về đầu tư các loại nguồn điện đối với cá nhân tư vấn gồm những gì?,2
cơ quan nào có quyền xếp loại chất lượng cán bộ cấp tỉnh?,2
thí sinh sát hạch thực hành lái tàu cấp giấy phép lái tàu trên đường sắt dùng riêng của doanh nghiệp có thể bị trừ điểm trong những trường hợp nào?,2
"có bắt buộc phải mang theo thẻ bảo hiểm y tế khi đi khám, chữa bệnh không?",2
"trở thành thành viên ban thanh tra nhân dân ở cơ quan nhà nước phải đáp ứng những điều kiện, tiêu chuẩn gì?",2
"diện tích tối thiểu nhà ở khi giải quyết đăng ký thường trú vào chỗ ở hợp pháp do thuê, mượn, ở nhờ tại thành phố hà nội được quy định như thế nào?",2
cơ sở dữ liệu giáo dục và đào tạo là gì?,2
hệ thống mạng đấu thầu quốc gia là gì?,2
thủ tục nghỉ hưu đối với viên chức được quy định như thế nào?,2
hành vi lấn chiếm đất được hiểu như thế nào?,2
số lượng thành viên hội đồng đại học tư thục bao gồm những ai và có bắt buộc phải là số lẻ không?,2
giấy phép mua pháo hoa để kinh doanh có thời hạn sử dụng bao lâu?,2
không có mặt đúng thời gian theo lệnh gọi khám sức khỏe nghĩa vụ quân sự thì bị xử phạt bao nhiêu?,2
hồ sơ đăng ký hộ kinh doanh online từ 01/07/2023 gồm những gì?,2
đăng ký lại khai sinh ở nơi khác so với nơi đăng ký khai sinh lần đầu có được không?,2
"ai có thẩm quyền ra lệnh bắt bị can, bị cáo để tạm giam?",2
có bao nhiêu loại hình tác phẩm được bảo hộ quyền tác giả?,2
quỹ chia sẻ tình thương có những nguồn thu nào?,2
dịch vụ thanh toán ủy nhiệm chi là gì?,2
văn bản công chứng có giá trị như thế nào?,2
trình tự thủ tục cấp đổi chứng minh quân nhân chuyên nghiệp được thực hiện ra sao?,2
"hàng hóa, dịch vụ thuộc danh mục hàng hóa, dịch vụ bình ổn giá phải đáp ứng đồng thời các tiêu chí nào?",2
cơ quan thường trực của ban chỉ đạo thực hiện quy chế dân chủ ở cơ sở bnnptnt là cơ quan nào?,2
"chế độ phụ cấp, bảo hiểm xã hội, bảo hiểm y tế đối với các chức vụ chỉ huy dân quân tự vệ được quy định ra sao?",2
nguyên tắc giải quyết tài sản khi ly hôn được pháp luật quy định như thế nào?,2
kinh doanh dịch vụ lữ hành là gì?,2
tổ chức hoa tiêu hàng hải hoạt động trong vùng hoa tiêu hàng hải bắt buộc có nghĩa vụ gì?,2
hồ sơ xin cấp lại chứng chỉ hành nghề môi giới bất động sản gồm những gì?,2
"mức vay vốn tối đa của học sinh, sinh viên có hoàn cảnh khó khăn để mua máy tính học trực tuyến là bao nhiêu tiền?",2
mức cho vay vốn ưu đãi cải tạo sửa chữa nhà để ở là bao nhiêu?,2
đối tượng nào chịu thuế giá trị gia tăng? đối tượng nào không chịu thuế giá trị gia tăng?,2
nguyên tắc hoạt động của hội mỹ nghệ kim hoàn đá quý việt nam là gì?,2
trình tự xử lý điểm đen tai nạn giao thông đường bộ bao gồm mấy bước?,2
thời hạn điều tra là bao nhiêu lâu và có được gia hạn thời hạn điều tra không?,2
người học ngành công nghệ kỹ thuật ô tô trình độ cao đẳng phải có mức độ tự chủ và trách nhiệm như thế nào?,2
thời hiệu xử lý kỷ luật lao động được quy định như thế nào?,2
mức thu lệ phí trước bạ ô tô theo nghị định 10/2022/nđ-cp là bao nhiêu?,2
di chúc có hiệu lực khi nào?,2
tổ chức được tham gia thi tuyển quyền sử dụng tần số vô tuyến điện nếu đáp ứng các điều kiện nào?,2
trường hợp nào được quyền xử lý dữ liệu cá nhân của trẻ em mà không cần sự đồng ý?,2
phạm vi được hưởng bảo hiểm y tế được quy định như thế nào?,2
viện trưởng viện kiểm sát nhân dân cấp cao do ai bổ nhiệm?,2
"với kỹ năng đo khoảng cách bằng mắt, thí sinh sát hạch thực hành lái tàu trên đường sắt đô thị có thể bị trừ điểm trong trường hợp nào?",2
mức đền bù chi phí đào tạo của viên chức khi không tiếp tục làm việc được quy định ra sao?,2
cơ quan nào thực hiện chức năng thanh tra?,2
mức độ thiệt hại do tai nạn giao thông đường sắt gây ra được phân loại như thế nào?,2
"công trình thu gom, thoát nước thải tại đô thị, khu dân cư tập trung được quản lý dựa trên nguyên tắc nào?",2
nơi nộp thuế thu nhập doanh nghiệp,2
"giá bán xăng dầu sau khi thực hiện quỹ bình ổn giá xăng, dầu như thế nào?",2
mang thai hộ vì mục đích nhân đạo được hiểu như thế nào?,2
doanh nghiệp có được chi trả mức lương thấp hơn lương tối thiểu?,2
quy tắc chung khi tham gia giao thông được quy định như thế nào?,2
tài sản chung trong thời kỳ hôn nhân được chia như thế nào?,2
danh hiệu thẩm phán mẫu mực được xét tặng cho những đối tượng nào?,2
kỳ hạn trả lương cho người lao động được quy định như thế nào?,2
thực hiện thanh tra thuế trong công tác quản lý thuế như thế nào?,2
các hành vi nào bị cấm trong hoạt động quảng cáo?,2
đi làm trong thời gian lịch nghỉ tết âm lịch người lao động được trả bao nhiêu tiền lương?,2
có bao nhiêu hình thức kỷ luật đối với đảng viên?,2
hồ sơ giải thể công ty hợp danh gồm những gì?,2
mức đóng bảo hiểm xã hội tự nguyện là bao nhiêu?,2
thực hiện các thao tác trong phòng xét nghiệm an toàn sinh học cấp 3 theo quy định nào?,2
mức hưởng bảo hiểm y tế được quy định như thế nào?,2
trang thông tin đấu giá trực tuyến phải đáp ứng những yêu cầu gì?,2
ai là người đứng đầu cục hàng hải việt nam thuộc bộ giao thông vận tải và chịu trách nhiệm như thế nào?,2
bệnh cúm gia cầm h5n1 nguy hiểm như thế nào?,2
dự án dự thi cuộc thi khoa học kỹ thuật cấp quốc gia cần đảm bảo những yêu cầu gì?,2
khi dừng phương tiện để kiểm soát giao thông cảnh sát giao thông có quyền kiểm soát các loại giấy tờ gì?,2
người nước ngoài tại việt nam được quá cảnh có các quyền gì?,2
ai là người có thẩm quyền thay đổi thư ký tòa án?,2
cộng tác viên thanh tra giáo dục trong thời gian tham gia đoàn thanh tra được hưởng chế độ gì theo quy định?,2
người dân có được đăng ký thường trú tại chỗ ở hợp pháp không thuộc quyền sở hữu của mình không?,2
"trách nhiệm thực hiện điều chỉnh lương hưu theo nghị định 42/2023/nđ-cp của các cá nhân, tổ chức ra sao?",2
"nguyên tắc lập, quản lý, sử dụng hóa đơn điện tử?",2
người tố cáo có những quyền và nghĩa vụ gì?,2
cục công nghệ thông tin có trách nhiệm như thế nào trong việc quản lý hệ thống thư điện tử công vụ của bộ giáo dục và đào tạo?,2
công ty như thế nào được xem là công ty cổ phần?,2
người khuyết tật là ai?,2
đặt tên trạm định vị vệ tinh quốc gia phải thỏa mãn các yêu cầu gì?,2
"thời gian khám, kiểm tra sức khỏe toàn diện định kỳ đối với chủ tịch quốc hội là bao lâu?",2
công dân việt nam đăng ký tài khoản vneid như thế nào?,2
hồ sơ đề nghị hưởng trợ cấp thất nghiệp bao gồm những giấy tờ gì?,2
thức ăn chăn nuôi là gì?,2
"cấu trúc chương trình đào tạo của trường cao đẳng nghề theo từng ngành, nghề được thiết kế bao gồm những gì?",2
điều kiện chuyển nhượng quyền sử dụng đất là gì?,2
trường hợp nào không được chứng thực chữ ký?,2
người điều khiển xe máy khi tham gia giao thông không có bảo hiểm xe máy bắt buộc bị phạt bao nhiêu tiền?,2
tuổi nghỉ hưu năm 2023 là bao nhiêu?,2
các loại điều ước quốc tế nào phải được phê chuẩn?,2
mức xử phạt đối với việc chậm đóng bhxh cho người lao động là bao nhiêu tiền?,2
người có công với cách mạng là những ai?,2
"trình tự, thủ tục gia hạn thời hạn nộp thuế tiêu thụ đặc biệt đối với ô tô sản xuất trong nước thế nào?",2
người quản lý doanh nghiệp là ai?,2
mức thuế suất thuế nhập khẩu ưu đãi linh kiện ô tô nhập khẩu mới theo chương trình ưu đãi áp dụng từ khi nào?,2
"phối hợp tìm kiếm, cứu nạn trong vùng nước cảng biển phải đảm bảo các nguyên tắc nào?",2
hội đồng giáo sư nhà nước xét công nhận đạt tiêu chuẩn chức danh giáo sư có nhiệm kỳ bao nhiêu năm?,2
hồ sơ tuyển sinh lớp 10 tại thành phố hồ chí minh bao gồm những giấy tờ gì?,2
hồ sơ xét tặng huy hiệu đảng ra sao?,2
ai được tham gia lễ đưa tang thượng tướng quân đội nhân dân việt nam?,2
công chức không được mang những thiết bị nào vào trong hội nghị có nội dung bí mật nhà nước?,2
giấy chứng nhận đăng ký doanh nghiệp là gì?,2
một số quy định chung đối với việc sát hạch cấp chứng chỉ hành nghề kiến trúc là gì?,2
quyền thừa kế là gì? người thừa kế là ai?,2
trách nhiệm thực hiện nghị quyết 98 của ubnd tp hcm ra sao?,2
tiêu chuẩn tuyển quân tham gia nghĩa vụ quân sự ra sao?,2
doanh nghiệp bảo hiểm xe máy được yêu cầu hoàn trả tạm ứng bồi thường trong trường hợp nào?,2
thời hạn sử dụng thẻ thanh tra chuyên ngành bảo hiểm xã hội là bao nhiêu năm?,2
công dân gọi nhập ngũ khám sức khỏe trong thời gian nào?,2
giấy tờ phải xuất trình khi làm thủ tục sang tên xe gồm những gì?,2
thời gian và kế hoạch đào tạo thường xuyên được pháp luật quy định như thế nào?,2
việc kiểm toán nội bộ doanh nghiệp nhà nước thực hiện như thế nào?,2
dụng cụ điện cầm tay truyền động bằng động cơ phải đảm bảo các yêu cầu kỹ thuật nào?,2
mức phụ cấp thâm niên của giáo viên là bao nhiêu?,2
việc sử dụng thông tin về công dân trong cơ sở dữ liệu quốc gia về dân cư phải đảm bảo nguyên tắc gì?,2
điều kiện để được cấp giấy phép xây dựng nhà ở riêng lẻ tại đô thị được quy định như thế nào?,2
ai được coi là người lao động cao tuổi?,2
"hồ sơ đề nghị cấp giấy phép sửa chữa, cải tạo nhà cần những giấy tờ gì?",2
để thanh toán đối với hợp đồng trọn gói cần chuẩn bị những giấy tờ gì?,2
"các phương pháp y học cổ truyền để kết hợp với y học hiện đại trong quá trình khám bệnh, chữa bệnh bao gồm các phương pháp nào?",2
các trường hợp không được hưởng bảo hiểm y tế theo quy định pháp luật,2
trách nhiệm và quyền của kế toán trưởng được quy định như thế nào?,2
mục đích hoạt động của hội nghệ sĩ sân khấu việt nam là gì?,2
thành phần hội đồng xét xử sơ thẩm vụ án hình sự bao gồm những ai?,2
điều kiện để công chức ngành tư pháp tăng bậc lương trước thời hạn là gì?,2
khi nào áp dụng thông tư 32/2023/tt-bca?,2
"hội đồng quản lý trong đơn vị sự nghiệp công lập thuộc lĩnh vực văn hóa, gia đình, thể thao và du lịch có những nhiệm vụ và quyền hạn gì?",2
"vị trí việc làm công chức nghiệp vụ chuyên ngành tài chính được xác định dựa trên nguyên tắc, căn cứ nào?",2
thời gian tính hưởng phụ cấp thâm niên của giáo viên được xác định như thế nào?,2
những trường hợp nào được cấp giấy chứng nhận quyền sử dụng đất?,2
thủ tục đăng ký khai sinh,2
hồ sơ và thủ tục tách hộ khẩu được quy định như thế nào?,2
đối tượng nào được tiếp nhận vào làm công chức?,2
thời hạn thực hiện chỉ tiêu tuyển chọn công dân vào công an nhân dân là bao lâu?,2
"khi thực hiện công tác thẩm duyệt thiết kế, nghiệm thu về phòng cháy và chữa cháy sĩ quan công an nhân dân phải đảm bảo nguyên tắc phân công như thế nào?",2
tiền lương làm thêm giờ ngày lễ quốc khánh 2/9/2023 có phải chịu thuế thu nhập cá nhân hay không?,2
yêu cầu đối với mẫu thiết kế đồng tiền việt nam như thế nào?,2
cục du lịch quốc gia việt nam có con dấu hình quốc huy không?,2
muốn trở thành thẩm phán tòa án nhân dân tối cao cần đáp ứng những tiêu chuẩn như thế nào?,2
hạn mức giao đất nông nghiệp trồng cây lâu năm cho cá nhân được quy định như thế nào?,2
những trường hợp thừa kế theo pháp luật được quy định như thế nào?,2
tổ chức kiểm tra kiến thức pháp luật về bán hàng đa cấp theo quy trình nào?,2
quỹ đầu tư chứng khoán gồm các loại hình nào?,2
điều kiện giải quyết trợ cấp tuất hằng tháng khi người có công đã từ trần ra sao?,2
nội dung và khối lượng công việc của hợp đồng thi công được quy định thế nào?,2
"thuế chống bán phá giá, chống trợ cấp tạm thời được áp dụng vào thời gian nào?",2
ai có quyền thành lập hội đồng thi cấp chứng chỉ hành nghề dịch vụ làm thủ tục về thuế?,2
nhiệm vụ của trường chính sách công và phát triển nông thôn là gì?,2
bộ khoa học và công nghệ là cơ quan của chính phủ đúng không?,2
chủ nhiệm tổng cục chính trị quân đội nhân dân việt nam do ai có thẩm quyền quyết định bổ nhiệm?,2
hành vi nào là hành vi bị nghiêm cấm khi sử dụng trang phục thanh tra chuyên ngành bảo hiểm xã hội?,2
những người nào không được làm kế toán?,2
"bảo vệ địa điểm khảo cổ sau thăm dò, khai quật khảo cổ bao gồm những nội dung gì?",2
nhiệm vụ của hội tin học xây dựng việt nam là gì?,2
hồ sơ đăng ký công ty đại chúng gồm những giấy tờ gì?,2
trưởng ban kiểm soát ngân hàng phát triển việt nam có các nhiệm vụ và quyền hạn thế nào?,2
"hồ sơ cấp giấy chứng nhận cơ sở giáo dục đủ điều kiện kiểm tra và công nhận biết tiếng việt thành thạo trong khám bệnh, chữa bệnh gồm những giấy tờ gì?",2
"tham gia bàn giao, tiếp nhận tài sản trưng mua gồm những ai và việc bàn giao, tiếp nhận tài sản trưng mua phải được lập thành biên bản bao gồm nội dung gì?",2
nguyên tắc cơ bản trong tuyển sinh đại học là gì?,2
đăng ký tờ khai hải quan như thế nào?,2
mức hưởng bảo hiểm y tế được pháp luật quy định như thế nào?,2
nhiệm vụ của hiệp hội cao su việt nam là gì?,2
phụ cấp ưu đãi đối với nhà giáo có phải đóng thuế thu nhập cá nhân không?,2
đã có 3 lĩnh vực hoạt động vận tải được mở lại tại tất cả các vùng có dịch covid-19,2
hồ sơ đề nghị cấp mới thẻ abtc gồm những tài liệu gì?,2
công dân được đề xuất nội dung để nhân dân bàn và quyết định trong thực hiện dân chủ ở cấp xã hay không?,2
hình thức trả tiền lương cho người lao động được quy định như thế nào?,2
bản thảo văn bản hành chính là gì?,2
đơn vị kiểm soát nhập cảnh qua cổng kiểm soát tự động có trách nhiệm gì?,2
hồ sơ xuất ngũ trước thời hạn khi đang thực hiện nghĩa vụ quân sự gồm những giấy tờ nào?,2
thế nào là nhà ở hình thành trong tương lai?,2
danh sách xe hết niên hạn sử dụng do cơ quan nào thông báo?,2
cơ cấu tổ chức của quỹ trò nghèo vùng cao được quy định thế nào?,2
sinh viên được miễn thi kết thúc môn học giáo dục quốc phòng và an ninh trong chương trình đào tạo trình độ cao đẳng khi thuộc trường hợp nào?,2
thủ tục đăng ký xe mới từ 15/8/2023 ra sao?,2
xác định giá thuê nhà ở sinh viên phải đảm bảo các nguyên tắc nào?,2
ai sẽ có thẩm quyền giải quyết khiếu nại về thi hành án dân sự?,2
công ty mẹ có trách nhiệm lập báo cáo tài chính hợp nhất của cả tập đoàn khi kết thúc kỳ kế toán như thế nào?,2
nguyên tắc hợp tác quốc tế trong phòng thủ dân sự được quy định như thế nào?,2
lệ phí thực hiện thủ tục đề nghị cấp giấy phép vận tải đường bộ quốc tế giữa việt nam và lào là bao nhiêu?,2
"mức trích kinh phí tổ chức thực hiện bồi thường, tái định cư đối với dự án cưỡng chế thu hồi đất theo quyết định của cơ quan nhà nước như thế nào?",2
mức giảm trừ gia cảnh dành cho người phụ thuộc hiện nay là bao nhiêu?,2
đối tượng nào được áp dụng hỗ trợ học tập đối với dân tộc thiểu số rất ít người?,2
quyền của chủ sở hữu nhà ở và người sử dụng nhà ở được quy định như thế nào?,2
những trường hợp chấm dứt hợp đồng lao động theo quy định hiện nay?,2
hiến tạng là gì?,2
các khoản thu nhập chịu thuế thu nhập cá nhân,2
"tư cách hợp lệ của nhà thầu, nhà đầu tư được quy định như thế nào?",2
cảnh sát giao thông khi dừng xe của người dân để kiểm tra phải bảo đảm các yêu cầu gì?,2
học viên tốt nghiệp đào tạo sĩ quan dự bị thì được phong quân hàm gì?,2
công ty chứng khoán bị thu hồi quyết định chấp thuận cung cấp dịch vụ giao dịch chứng khoán trực tuyến khi nào?,2
nguyên tắc thực hiện tinh giản biên chế là gì?,2
trường hợp công chức nghỉ chế độ thai sản thì kết quả xếp loại chất lượng trong năm được xác định như thế nào?,2
đặc xá là gì?,2
thủ tục hòa giải đối với trường hợp lối đi chung bị lấp được thực hiện như thế nào?,2
bí mật kinh doanh được bảo hộ cần những điều kiện gì?,2
nếp sống văn minh trong việc tổ chức lễ cưới tại gia đình hoặc tại địa điểm cưới phải thực hiện các quy định nào?,2
trường hợp nào không bắt buộc phải sử dụng dịch vụ hoa tiêu hàng hải?,2
quỹ hỗ trợ phát triển sinh kế vì cộng đồng được thành lập nhằm mục đích gì?,2
nguồn vốn cho vay và cơ chế cấp bù lãi suất như thế nào?,2
nguyên tắc hoạt động hợp tác quốc tế trong lĩnh vực quân y ra sao?,2
"miễn phí sử dụng vắc xin, sinh phẩm y tế bắt buộc trong các trường hợp nào?",2
mức tiền thanh toán trực tiếp được tổ chức bảo hiểm y tế chi trả là bao nhiêu?,2
hồ sơ giải thể doanh nghiệp tư nhân gồm những gì?,2
"chính sách của nhà nước về quyền tác giả, quyền liên quan theo quy định mới ra sao?",2
"để quản lý chất lượng khí, thương nhân nhập khẩu khí cần thực hiện những yêu cầu gì?",2
nguồn vốn để đầu tư gián tiếp ra nước ngoài được quy định thế nào?,2
những hàng hóa nào không được kinh doanh theo phương thức đa cấp?,2
chứng thực bản sao điện tử từ bản chính là gì?,2
có được khấu trừ tiền lương mà không thông báo cho người lao động không?,2
thời hạn của giấy phép lao động đối với người nước ngoài là trong bao lâu?,2
thời điểm người bào chữa tham gia tố tụng,2
"mỗi người chỉ được đăng ký dự tuyển vào một vị trí công chức ở một xã, thị trấn?",2
ai là người chủ trì kỳ họp quốc hội?,2
chủ tịch hội đồng quản trị tổng công ty cao su việt nam có được kiêm nhiệm chức vụ tổng giám đốc tổng công ty không?,2
người có thẩm quyền giải quyết khiếu nại thi hành án dân sự có quyền và nghĩa vụ thế nào?,2
quy định hiện nay về trao tặng huy hiệu đảng ra sao?,2
hồ sơ đăng ký chào bán cổ phiếu lần đầu ra công chúng của công ty cổ phần gồm những giấy tờ nào?,2
hồ sơ đề nghị chỉnh sửa bằng tốt nghiệp cao đẳng cần chuẩn bị những giấy tờ gì?,2
quyết định đơn phương miễn thị thực cần đáp ứng điều kiện gì?,2
nguyên tắc điều trị bệnh sốt rét như thế nào?,2
trưởng ban công tác đại biểu là người chịu trách nhiệm trước ủy ban thường vụ quốc hội về việc gì?,2
các nguyên tắc về tốc độ khi tham gia giao thông đường bộ được quy định như thế nào?,2
tai nạn lao động có được áp dụng cho trường hợp người lao động bị đột quỵ tại nơi làm việc không?,2
"hóa đơn sai tên, địa chỉ người mua thì có cần phải lập hóa đơn mới không?",2
thủ tục đăng ký tạm trú được quy định như thế nào?,2
quy trình đánh giá tổ chức kiểm định chất lượng giáo dục ra sao?,2
"nguyên tắc thực hiện các chính sách nhà nước đối với tổ hợp tác, hợp tác xã, liên hiệp hợp tác xã ra sao?",2
bảo hộ quyền đối với giống cây trồng như thế nào?,2
biện pháp khắc phục hậu quả ra sao?,2
"thủ tục khám bệnh, chữa bệnh bảo hiểm y tế được pháp luật quy định như thế nào?",2
"thủ trưởng cơ quan thi hành án dân sự phải ra quyết định thành lập hội đồng tiêu huỷ vật chứng, tài sản trong thời hạn bao lâu?",2
bí mật nhà nước độ mật là gì?,2
"khối lượng kiến thức, thời gian và nội dung đào tạo bổ sung đối với ngành y học cổ truyền như thế nào?",2
khi tiến hành kiểm soát cảnh sát giao thông có phải thông báo cho người điều khiển phương tiện giao thông không?,2
"điều kiện chung về bảo đảm an toàn thực phẩm đối với cơ sở sản xuất, kinh doanh thực phẩm",2
tảo hôn là gì?,2
thủ tục xin cấp giấy phép hoạt động ngân hàng mô được pháp luật quy định như thế nào?,2
nghĩa vụ của quỹ ngôi nhà cộng đồng là gì?,2
doanh nghiệp không nộp báo cáo tài chính năm có thể bị xử phạt bao nhiêu tiền?,2
giám đốc quỹ hỗ trợ phát triển du lịch có những quyền hạn và trách nhiệm gì?,2
hợp đồng mua bán nhà ở xã hội được quy định như thế nào?,2
như thế nào là một di chúc hợp pháp?,2
"vị trí việc làm trong tổ chức khoa học và công nghệ công lập được xác định dựa trên nguyên tắc, căn cứ nào?",2
nội dung quy trình vận hành khai thác công trình đường bộ phải bảo đảm bao quát những quy định nào?,2
nhiệm vụ của hiệp hội cao su việt nam được quy định thế nào?,2
xe cơ giới là gì?,2
giấy chứng nhận trinh sát viên của cảnh sát biển việt nam có thời hạn sử dụng bao nhiêu năm?,2
tuổi nghỉ hưu của người lao động hiện nay trong điều kiện bình thường là bao nhiêu?,2
"nhiệm vụ của cảnh sát giao thông trong tuần tra, kiểm soát giao thông tại thông tư 32/2023/tt-bca là gì?",2
mức đóng bảo hiểm xã hội tự nguyện được quy định ra sao?,2
quy tắc giao thông đường bộ được quy định thế nào?,2
nghị định 55/2023/nđ-cp về trợ cấp người có công được áp dụng từ ngày nào?,2
chế độ nghỉ hưu đối với chủ tịch hội đồng nhân dân cấp xã từ ngày 01/8/2023 được quy định như thế nào?,2
kế hoạch cưỡng chế thi hành án dân sự được quy định ra sao?,2
muốn hưởng chính sách hỗ trợ về nhà ở xã hội cần phải đạt điều kiện gì?,2
điều kiện chuyển nhượng quyền sử dụng đất?,2
ủy ban quốc phòng và an ninh có nhiệm vụ và quyền hạn như thế nào?,2
người bệnh từ cơ sở điều trị methadone đến cơ sở cấp phát thuốc methadone phải đáp ứng các điều kiện gì?,2
"nhiệm vụ, quyền hạn của chủ tịch ubnd xã ra sao?",2
tổ chức đảng vi phạm là gì?,2
điều kiện để hộ kinh doanh được cấp giấy chứng nhận đăng ký hộ kinh doanh là gì?,2
văn phòng thừa phát lại được quy định như thế nào?,2
quyền của du học sinh học bổng ngân sách nhà nước là gì?,2
"địa điểm để thử nghiệm pháo hoa, pháo hoa nổ ở đâu?",2
"trách nhiệm của thành viên cấp uỷ, tổ chức đảng, tập thể lãnh đạo trong phòng chống tham nhũng công tác cán bộ ra sao?",2
tem bưu chính nước ngoài là gì?,2
nhóm đối tượng sinh viên nào được giảm học phí năm học 2023-2024?,2
thời hạn cấp giấy xác nhận về việc thay đổi nội dung đăng ký doanh nghiệp?,2
quy định về nhóm tham gia bảo hiểm y tế theo hộ gia đình?,2
thẩm quyền cấp giấy xác nhận tình trạng hôn nhân theo quy định pháp luật,2
trưởng ban tổ chức lễ tang thượng tướng quân đội nguyên thứ trưởng bộ quốc phòng là ai?,2
"ủy ban nhân dân cấp tỉnh có trách nhiệm gì trong việc phối hợp kết nối, chia sẻ thông tin, dữ liệu giữa các cơ sở dữ liệu tài nguyên và môi trường?",2
trình tự thực hiện đổi giấy phép lái xe được quy định như thế nào?,2
trình tự thủ tục chuyển giao quyền đại diện chủ sở hữu vốn nhà nước tại doanh nghiệp là như thế nào?,2
các khóa đã tuyển sinh chương trình đào tạo chất lượng cao theo thông tư 23/2014/tt-bgdđt tiếp tục thực hiện đến khi nào?,2
xác định điểm đen tai nạn giao thông đường bộ dựa trên các tiêu chí nào?,2
"hợp đồng bồi thường, hỗ trợ, tái định cư được ứng kinh phí trong trường hợp nào?",2
thanh tra bộ thông tin và truyền thông có con dấu và tài khoản riêng không?,2
quyền hạn của hiệp hội các trường cao đẳng nghề nghiệp ngoài công lập việt nam là gì?,2
người phiên dịch là ai?,2
hệ thống công trình phụ trợ trong hầm đường bộ đô thị phải đảm bảo những yêu cầu nào?,2
các gói thầu đã phê duyệt kế hoạch lựa chọn nhà thầu trước ngày 1/7/2023 thì có tiếp tục thực hiện không?,2
hội đồng thẩm định mua hiện vật có chức năng và nhiệm vụ gì?,2
thỏa thuận trọng tài không chỉ rõ tổ chức trọng tài cụ thể được chọn để giải quyết tranh chấp thì xử lý như thế nào?,2
chứng thực chữ ký là gì?,2
"hội đồng nhân dân thành phố hồ chí minh có nhiệm vụ, quyền hạn như thế nào?",2
nhà đầu tư nước ngoài là gì?,2
"trình tự, thủ tục cấp giấy phép hoạt động cho thuê lại lao động như thế nào?",2
thời hiệu xử lý kỷ luật đối với đảng viên được quy định như thế nào?,2
báo cáo đề xuất chủ trương đầu tư dự án nhóm c phải có những nội dung nào?,2
nguyên tắc xử lý hành vi phạm tội do pháp nhân thương mại thực hiện,2
công ty trách nhiệm hữu hạn một thành viên là gì?,2
nhiệm vụ của hội răng hàm mặt việt nam là gì?,2
"hội đồng quản lý trong đơn vị sự nghiệp công lập thuộc lĩnh vực văn hóa, gia đình, thể thao và du lịch có vị trí và chức năng gì?",2
mức hưởng trợ cấp thất nghiệp là bao nhiêu?,2
mức phụ cấp đặc thù đối với chức danh thẩm tra viên tòa án quân sự trung ương là bao nhiêu hiện nay?,2
thủ tục đăng ký hiến tạng,2
thông tư 24/2023/tt-bca về biển số xe cơ giới chính thức áp dụng từ ngày nào?,2
có thể truy cứu trách nhiệm hình sự đối với hành vi lấn chiếm đất đai?,2
"thực hiện dân chủ trong công tác phòng cháy, chữa cháy và cứu nạn, cứu hộ nhằm mục đích gì?",2
giáo viên tiểu học phải đáp ứng những điều kiện gì để được thực hiện nâng trình độ chuẩn được đào tạo?,2
"thời gian thực hiện chương trình chuyển đổi số trong xây dựng nông thôn mới, hướng tới nông thôn mới thông minh là trong bao lâu?",2
thời hiệu xử phạt hành chính về hóa đơn là bao nhiêu năm?,2
viện trưởng là người đại diện theo pháp luật của viện quy hoạch đô thị và nông thôn quốc gia đúng không?,2
quỹ tín dụng nhân dân được tổ chức dưới hình thức hợp tác xã có phải là tổ chức tín dụng không?,2
"trình tự, thủ tục cấp đổi chứng chỉ thẩm tra viên an toàn giao thông đường bộ được quy định như thế nào?",2
cục quản lý chất lượng có trách nhiệm như thế nào trong việc đánh giá chất lượng đối với các chương trình đào tạo từ xa?,2
chứng thực là gì? người nào có thẩm quyền thực hiện chứng thực?,2
điểm kinh doanh casino phải đáp ứng những điều kiện nào?,2
thế chấp quyền sử dụng đất có phải đăng ký giao dịch bảo đảm hay không?,2
doanh nghiệp xã hội là gì?,2
nhiệm vụ và quyền của nhà giáo quy định ra sao?,2
người có nhu cầu nhập cảnh qua cổng kiểm soát tự động phải thực hiện thủ tục đăng ký như thế nào?,2
đăng kiểm viên tàu biển có quyền hạn như thế nào?,2
tổ chức được đứng tên công bố tiêu chuẩn áp dụng hoặc đăng ký lưu hành phải đáp ứng điều kiện nào?,2
chữ ký điện tử là gì?,2
"phổ biến, giáo dục pháp luật trong ngành giao thông vận tải theo hình thức nào?",2
hồ sơ vụ tai nạn giao thông đường thủy nội địa trong hệ thống cơ sở dữ liệu tai nạn giao thông sai sót về thông tin muốn xóa thì cần làm gì?,2
người đang hưởng lương hưu chuyển đến tỉnh khác ở thì có được đề nghị hưởng bảo hiểm xã hội ở nơi cư trú mới không?,2
bí mật nhà nước độ tối mật là gì?,2
phó trưởng ban thanh tra nhân dân cơ quan bộ công thương có trách nhiệm như thế nào?,2
hợp nhất công ty là gì?,2
cơ quan nào có quyền quyết định việc tổng rà soát hệ thống văn bản quy phạm pháp luật?,2
nguyên nhân dẫn đến điểm đen tai nạn giao thông đường bộ được phân tích và xác định như thế nào?,2
đối tượng hưởng trợ cấp hằng tháng người khuyết tật gồm có những ai?,2
hình thức thông qua nghị quyết đại hội đồng cổ đông được quy định thế nào?,2
thế nào là tạm trú?,2
hồ sơ đề nghị xác nhận nội dung quảng cáo mỹ phẩm gồm có những giấy tờ gì?,2
thành viên giao dịch đặc biệt bị hủy bỏ tư cách thành viên khi nào?,2
"dựa vào đâu để lập, thẩm định, quyết định đầu tư chương trình, dự án?",2
trách nhiệm của người đại diện theo pháp luật của doanh nghiệp là gì?,2
trong thời hạn bao lâu sẽ tiếp nhận và xử lý hồ sơ đăng ký chứng nhận an toàn dịch bệnh?,2
giá gói thầu mua sắm hàng hóa và cung cấp dịch vụ thuộc lĩnh vực trang thiết bị y tế được xác định theo phương pháp nào?,2
phó viện trưởng viện kiểm sát nhân dân tối cao do ai bổ nhiệm?,2
thẻ công chức thanh tra chuyên ngành công thương bị thu hồi trong những trường hợp nào?,2
cơ quan nhà nước cấp bộ tổ chức ngày hưởng ứng phải tuân theo những yêu cầu nào?,2
thủ tục đăng ký kết hôn được pháp luật quy định như thế nào?,2
thủ tục đăng ký thường trú được quy định như thế nào?,2
"hành vi nào bị nghiêm cấm trong phòng, chống nhiễm vi rút gây ra hội chứng suy giảm miễn dịch mắc phải ở người (hiv/aids)?",2
thế nào là vi phạm hành chính?,2
khái niệm về bảo hiểm y tế,2
đơn vị nào có nhiệm vụ kiểm tra phiếu đăng ký dự tuyển công chức vào làm việc trong các đơn vị thuộc thanh tra chính phủ?,2
đối tượng nào được cho vay vốn ưu đãi để mua nhà ở xã hội?,2
hội đồng thẩm định chương trình đào tạo của trường trung cấp nghề có ít nhất bao nhiêu người?,2
hội đồng quản trị bảo hiểm tiền gửi việt nam có bao nhiêu thành viên?,2
để đề nghị xét duyệt bổ sung hộ nghèo thực hiện như thế nào?,2
hồ sơ công bố đáp ứng tiêu chuẩn bào chế thuốc cổ truyền bao gồm những giấy tờ gì?,2
làm việc trong kỳ nghỉ lễ quốc khánh 2/9 được hưởng thêm bao nhiêu tiền?,2
hiệu lực của quyết định xử lý kỷ luật đảng viên vi phạm quy định như thế nào?,2
nhà ở công vụ trong công an nhân dân là gì?,2
thời gian sử dụng và tỷ lệ hao mòn tài sản cố định được xác định như thế nào?,2
doanh nghiệp có thuộc đối tượng đăng ký thuế không?,2
cán bộ sau luân chuyển được bố trí trở lại chức vụ đã đảm nhiệm trước khi luân chuyển trong trường hợp nào?,2
"chánh thanh tra sở văn hóa, thể thao và du lịch có thẩm quyền xử phạt thương nhân kinh doanh khách sạn không bảo đảm tiêu chuẩn phòng hội nghị, hội thảo, phòng họp theo từng hạng sao không?",2
liên đoàn thương mại và công nghiệp việt nam có nhiệm vụ như thế nào?,2
hồ sơ đề nghị cấp giấy phép tiến hành công việc bức xạ có những quy định chung nào?,2
phiên tòa trực tuyến là gì?,2
hồ sơ cho việc đăng ký thường trú bao gồm những giấy tờ nào?,2
thời gian học lý thuyết và thời gian thực hành trong chương trình đào tạo của trường trung cấp nghề phải đảm bảo tỷ lệ như thế nào?,2
tổng giám đốc sở giao dịch chứng khoán việt nam do ai bổ nhiệm?,2
cơ quan nào có thẩm quyền cấp chứng chỉ năng lực hoạt động xây dựng?,2
những địa điểm tổ chức tiêm vắc xin covid-19 cho trẻ từ 5 đến dưới 12 tuổi ở đâu?,2
"việc khai, nộp chứng từ chứng nhận xuất xứ hàng hóa xuất khẩu được quy định ra sao?",2
hồ sơ thực hiện đổi giấy phép lái xe của nước ngoài gồm những giấy tờ gì?,2
mức xử phạt vi phạm hành chính đối với công ty khi vi phạm quy định về ngày nghỉ hằng năm của người lao động được quy định như thế nào?,2
các quyết định của hội đồng quản lý quỹ được thông qua khi nào?,2
một tài khoản thu phí có thể được sử dụng để trả phí cho nhiều phương tiện khác hay không?,2
quyền của hiệp hội doanh nghiệp cọc bê tông phía nam là gì?,2
mức hưởng chế độ thai sản trong trường hợp phá thai bệnh lý được quy định như thế nào?,2
kiến thức và kỹ năng chung của chuyên gia đánh giá hệ thống quản lý trong kinh doanh được quy định như thế nào?,2
việc xác định quyền lợi có thể được bảo hiểm trong hợp đồng bảo hiểm hàng hải được quy định thế nào?,2
cơ sở dữ liệu quốc gia về dân cư do cơ quan nào quản lý?,2
việc tổ chức phát ngôn và cung cấp thông tin cho báo chí của bộ giáo dục và đào tạo trong trường hợp đột xuất thông qua hình thức nào?,2
"thành viên hội đồng khen thưởng, kỷ luật của đoàn luật sư việt nam phải có tiêu chuẩn gì?",2
việc điều chỉnh dự án đầu tư thực hiện trước ngày luật đầu tư có hiệu lực thi hành được thực hiện như thế nào?,2
có trường hợp nào được miễn thị thực không?,2
trưởng ban thanh tra nhân dân cơ quan bộ công thương có trách nhiệm như thế nào?,2
hồ sơ đề nghị hưởng trợ cấp thất nghiệp được pháp luật quy định như thế nào?,2
khi ly hôn thì tài sản chung của vợ chồng được chia như thế nào?,2
trả lương được quy định như thế nào?,2
cơ sở giáo dục đại học được thu học phí tối đa bao nhiêu tháng trên một năm?,2
"lưu trữ viên chính trong các đơn vị sự nghiệp công lập cần đáp ứng những tiêu chuẩn gì về năng lực chuyên môn, nghiệp vụ?",2
khi nào thanh tra viên lao động thuộc bộ lao động thương binh và xã hội phải nộp lại thẻ?,2
quyền và nghĩa vụ của tổ hợp tác là gì?,2
phẫu thuật lấy thể thủy tinh ngoài bao điều trị đục thể thủy tinh bẩm sinh thực hiện theo các bước như thế nào?,2
nếu kết hôn trái luật hôn nhân thì xử lý việc kết hôn trái pháp luật này như thế nào?,2
tài khoản giao dịch điện tử được sử dụng để làm gì?,2
thời hạn định kỳ chuyển đổi vị trí công tác là bao lâu?,2
kiện toàn thành viên ban thanh tra nhân dân ở doanh nghiệp nhà nước trong trường hợp nào?,2
lãnh sự danh dự được hiểu như thế nào?,2
hội đồng đạo đức trong nghiên cứu y sinh học cấp quốc gia có chức năng gì?,2
phó chủ tịch hội đồng đạo đức trong nghiên cứu y sinh học cấp cơ sở phải có ít nhất bao nhiêu năm kinh nghiệm?,2
ban thanh tra nhân dân cơ quan bộ công thương làm việc dựa trên những nguyên tắc nào?,2
"trong công tác phòng cháy, chữa cháy và cứu nạn, cứu hộ những việc nào cơ quan, tổ chức, cá nhân được tham gia ý kiến?",2
thông tư 24/2023/tt-bca về biển số định danh được chính thức áp dụng từ ngày nào?,2
nhiệm vụ của hội luật gia việt nam là gì?,2
cấp giấy phép nhập khẩu vàng nguyên liệu đối với doanh nghiệp có vốn đầu tư nước ngoài để sản xuất vàng mỹ nghệ phải đáp ứng điều kiện gì?,2
rượu bia là gì?,2
việc cấp thị thực cho người nước ngoài có nhu cầu đi du lịch ra khu vực khác của việt nam được giải quyết ra sao?,2
"giấy chứng nhận quyền sử dụng đất, quyền sở hữu nhà ở và tài sản khác gắn liền với đất theo quy định của pháp luật",2
bộ phận thường trực đội ứng cứu sự cố an toàn thông tin mạng bộ tư pháp được đặt tại đâu?,2
"hội đồng quản lý quỹ có quyền quyết định mức lương, thưởng đối với những chức danh nào?",2
phiếu chẩn đoán nguyên nhân tử vong được quy định như thế nào?,2
người học ngành công nghệ hóa nhuộm trình độ cao đẳng phải có khả năng học tập nâng cao trình độ như thế nào?,2
khi nào chính thức áp dụng quy định mới về bồi thường cho hành khách bị delay chuyến bay?,2
để áp dụng thuế chống trợ cấp cần đáp ứng những điều kiện gì?,2
quỹ ngôi nhà cộng đồng có những nghĩa vụ nào?,2
"giá dịch vụ sự nghiệp công trong lĩnh vực quản lý, bảo trì đường thủy nội địa có thể phát sinh các chi phí khác nào?",2
"quy định của pháp luật về việc bồi thường thiệt hại về nhà, công trình xây dựng trên đất khi nhà nước thu hồi đất?",2
những đối tượng nào phải nộp thuế thu nhập cá nhân?,2
hồ sơ đề nghị điều chỉnh khu vực dự trữ khoáng sản quốc gia cần chuẩn bị những giấy tờ gì?,2
thời gian cấp biển số định danh là bao lâu?,2
vụ hợp tác quốc tế thuộc bộ y tế thực hiện những chức năng gì?,2
"trình tự, thủ tục cấp lại chứng chỉ thẩm tra viên an toàn giao thông đường bộ thực hiện như thế nào?",2
khi chấm dứt hợp đồng lao động hai bên có trách nhiệm gì?,2
cơ cấu thành phần hội đồng thẩm định chương trình đào tạo của trường cao đẳng nghề bao gồm những ai?,2
tài sản chung của vợ chồng được quy định như thế nào?,2
thi tốt nghiệp thpt 2023 gồm những môn nào?,2
không đóng tiền điện trong bao lâu thì bị cắt điện?,2
khi bảo trì công trình đường bộ phải kiểm tra công trình đường bộ thông qua những nội dung nào?,2
hàng hóa có xuất xứ là gì?,2
"hồ sơ xét tặng danh hiệu “bà mẹ việt nam anh hùng"" gồm những gì?",2
thông tin nhận dạng và truy theo tầm xa của tàu thuyền có những loại nào?,2
thủ tục khám sức khỏe theo thông tư 14 thực hiện như thế nào?,2
mức hưởng khi tham gia bảo hiểm y tế được quy định như thế nào?,2
kiểm tra viên chính thuế thực hiện nhiệm vụ thế nào?,2
"phân bổ thuế tncn đối với thu nhập từ tiền lương, tiền công như thế nào?",2
các vật dụng nào được phép mang vào phòng thi tốt nghiệp thpt năm 2022?,2
điều kiện cấp giấy chứng nhận cơ sở đủ điều kiện an toàn thực phẩm được pháp luật quy định như thế nào?,2
mức phụ cấp ưu đãi đối với nhà giáo được quy định như thế nào?,2
những đối tượng nào phải chịu thuế giá trị gia tăng theo quy định hiện nay?,2
hồ sơ đề nghị cấp giấy chứng nhận đăng ký hoạt động chứng nhận hệ thống quản lý bao gồm những tài liệu nào?,2
cảnh sát giao thông được tạm giữ các loại giấy tờ nào?,2
ai có thẩm quyền bổ nhiệm thôn đội trưởng dân quân tự vệ?,2
công tác lập dự toán kinh phí từ ngân sách nhà nước cấp cho việc thực hiện cuộc vận động được quy định như thế nào?,2
"cán bộ, công chức bộ gtvt phải ứng xử như thế nào ở nơi công cộng?",2
điều kiện hưởng trợ cấp thất nghiệp là gì?,2
điều kiện để ngân hàng cho vay vốn là gì?,2
tập đoàn công nghiệp cao su việt nam có chức năng gì?,2
"ban nội chính trung ương chịu sự lãnh đạo, chỉ đạo trực tiếp của ai?",2
"hồ sơ, thủ tục thay đổi nơi đăng ký khám chữa bệnh ban đầu bảo hiểm y tế như thế nào?",2
mức độ khuyết tật được xác định như thế nào?,2
nhiệm vụ của hội bảo vệ quyền tác phẩm điện ảnh và phim truyền hình việt nam là gì?,2
chương trình giáo dục phổ thông 2018 sẽ áp dụng cho học sinh lớp mấy trong năm học 2023-2024?,2
định dạng của hóa đơn điện tử được quy định như thế nào?,2
thời hiệu xử phạt vi phạm đối với hành vi xét nghiệm hiv không theo các hướng dẫn của bộ y tế là bao lâu?,2
người có công với cách mạng theo quy định hiện nay gồm những ai?,2
khi nào luật trật tự an toàn giao thông đường bộ mới được áp dụng?,2
"vi phạm quy định về quản lý sử dụng vũ khí, vật liệu nổ, công cụ hỗ trợ, pháo và đồ chơi nguy hiểm bị cấm",2
điều kiện hành nghề của bác sỹ gây mê hồi sức là gì?,2
việc lưu trữ hóa đơn hoàn trả hàng hóa được quy định như thế nào?,2
phạm vi được hưởng của người tham gia bảo hiểm y tế theo quy định pháp luật,2
nhiệm vụ của hội chiến sĩ thành cổ quảng trị năm 1972 là gì?,2
phụ lục hợp đồng có giá trị pháp lý như thế nào?,2
hồ sơ thanh toán hợp đồng xây dựng theo quy định pháp luật,2
trường hợp 01 người giữ nhiều chức vụ thì việc lấy phiếu tín nhiệm được thực hiện như thế nào đối với tất cả các chức vụ đó?,2
quyền và nghĩa vụ của trung tâm tư vấn pháp luật được quy định ra sao?,2
người đã hoàn thành cai nghiện ma túy tự nguyện chịu sự quản lý sau cai nghiện ma túy trong thời hạn bao lâu?,2
hồ sơ đăng ký hộ kinh doanh qua mạng được chấp thuận khi đáp ứng các điều kiện nào?,2
"hồ sơ đề nghị kiểm tra, công nhận đủ trình độ phiên dịch trong khám bệnh, chữa bệnh bao gồm những giấy tờ gì?",2
phát hiện hóa đơn điện tử sai sót thì người bán lập hóa đơn điều chỉnh hay lập hóa đơn mới thay thế?,2
người bào chữa là ai?,2
hồ sơ đăng ký thi để được cấp chứng chỉ vô tuyến điện nghiệp dư ra sao?,2
"điều kiện áp dụng trình tự, thủ tục rút gọn ký kết thỏa thuận quốc tế là gì?",2
hành vi nào bị nghiêm cấm trong việc xử lý dữ liệu cá nhân?,2
sinh viên học giáo dục quốc phòng và an ninh thì có những quyền gì?,2
đối tượng có nhu cầu xuất cảnh qua cổng kiểm soát tự động phải thực hiện thủ tục đăng ký như thế nào?,2
chế độ quản lý đối với người bị tạm giữ được quy định thế nào?,2
"có bao nhiêu mức độ để phân loại chương trình phát thanh, truyền hình thể thao, giải trí theo yêu cầu?",2
thẩm quyền của tòa án nhân dân cấp huyện khi thụ lý đơn ly hôn ra sao?,2
"nguyên tắc dạy thêm, học thêm năm học 2023-2024 như thế nào?",2
luật sư phải xuất trình giấy tờ gì để được cấp giấy chứng nhận về việc tham gia tố tụng dân sự?,2
bí thư đoàn thanh niên cộng sản hồ chí minh cấp xã là ai?,2
"chứng chỉ hành nghề khám bệnh, chữa bệnh là gì?",2
chủ tịch viện hàn lâm khoa học và công nghệ việt nam do ai bổ nhiệm?,2
thẩm định chương trình đào tạo của trường cao đẳng nghề theo quy trình bao gồm mấy bước?,2
